district_id,district_name,state_name,current_coverage,sarath_coverage,proposed_coverage,current_sensors,sarath_sensors,proposed_sensors
1,Uttar Pradesh_District_1,Uttar Pradesh,27.678816483237494,34.21382778483112,71.0875466694445,4,6,6
2,Uttar Pradesh_District_2,Uttar Pradesh,21.787173861185018,25.815271483964125,83.17464094519545,1,7,8
3,Uttar Pradesh_District_3,Uttar Pradesh,35.67813917535461,60.868281255302136,87.5446219354298,3,7,6
4,Uttar Pradesh_District_4,Uttar Pradesh,14.766416297811302,50.91182566850181,83.85537715873676,4,5,7
5,Uttar Pradesh_District_5,Uttar Pradesh,23.440062694372177,56.53872685084124,73.80016386570686,0,2,6
6,Uttar Pradesh_District_6,Uttar Pradesh,5.942691178842194,34.71812533033645,96.03591302653398,2,6,11
7,Uttar Pradesh_District_7,Uttar Pradesh,4.8765264750431525,51.34925840958104,75.29341173189883,1,3,9
8,Uttar Pradesh_District_8,Uttar Pradesh,20.271895672656495,38.302523199244206,70.36183796594288,4,4,7
9,Uttar Pradesh_District_9,Uttar Pradesh,15.227524338945084,36.20575293277861,66.09647478144564,4,7,10
10,Uttar Pradesh_District_10,Uttar Pradesh,19.188089308193863,22.137924419281283,94.56392240334797,0,6,6
11,Uttar Pradesh_District_11,Uttar Pradesh,36.11322936997353,64.67074920115681,89.68003776724143,3,4,5
12,Uttar Pradesh_District_12,Uttar Pradesh,16.309369988467722,53.595506187876005,70.54891753431687,2,5,7
13,Uttar Pradesh_District_13,Uttar Pradesh,38.6747911834461,63.813458126945235,94.53790303814236,2,5,8
14,Uttar Pradesh_District_14,Uttar Pradesh,33.90997221701757,23.707981041755925,87.37173247522593,3,2,5
15,Uttar Pradesh_District_15,Uttar Pradesh,0.9837902761720452,54.9277880302558,67.90527293982379,4,2,8
16,Uttar Pradesh_District_16,Uttar Pradesh,6.535763599714706,48.01008517988313,88.92923570285086,4,3,9
17,Uttar Pradesh_District_17,Uttar Pradesh,3.7253397272548616,67.41970614180524,73.4234144574676,2,4,6
18,Uttar Pradesh_District_18,Uttar Pradesh,37.437349916059624,41.87435874167178,89.48882043664582,1,6,7
19,Uttar Pradesh_District_19,Uttar Pradesh,17.84375668282266,45.06332882112709,69.93825769127567,2,6,7
20,Uttar Pradesh_District_20,Uttar Pradesh,13.484245900039923,27.8704210936149,94.86931539700723,2,6,7
21,Uttar Pradesh_District_21,Uttar Pradesh,17.527818135492975,38.550206916985516,71.09843349072129,4,6,11
22,Uttar Pradesh_District_22,Uttar Pradesh,39.56100774059165,22.549342606589583,70.67457984468496,3,4,10
23,Uttar Pradesh_District_23,Uttar Pradesh,35.44518457381991,27.160993503613234,72.68857508523375,0,7,6
24,Uttar Pradesh_District_24,Uttar Pradesh,27.867143814253964,32.85670727164524,72.98082159047621,3,7,6
25,Uttar Pradesh_District_25,Uttar Pradesh,23.04377692015113,40.36285268113808,71.63304416907042,3,4,8
26,Uttar Pradesh_District_26,Uttar Pradesh,3.505970184992395,42.62525956032431,92.00070105862831,2,4,8
27,Uttar Pradesh_District_27,Uttar Pradesh,38.1765660059823,21.550105412713197,85.76856730288267,2,5,9
28,Uttar Pradesh_District_28,Uttar Pradesh,28.689535821861533,63.597517686638284,93.75119222302305,0,4,8
29,Uttar Pradesh_District_29,Uttar Pradesh,27.725797057355347,22.48713842935308,72.5456532683117,3,5,6
30,Uttar Pradesh_District_30,Uttar Pradesh,33.97090093210106,44.98700400999597,62.002427008188434,3,5,11
31,Uttar Pradesh_District_31,Uttar Pradesh,19.15380114283661,49.033902305619925,73.02797722624095,3,3,10
32,Uttar Pradesh_District_32,Uttar Pradesh,27.800585845573636,65.73529817873694,64.83010640954068,3,6,10
33,Uttar Pradesh_District_33,Uttar Pradesh,15.30121078683492,58.79474420538542,90.06202529675242,2,2,9
34,Uttar Pradesh_District_34,Uttar Pradesh,28.930689997263435,36.09116658574891,80.06546145295977,4,6,10
35,Uttar Pradesh_District_35,Uttar Pradesh,19.071668212659795,56.86604463282331,69.2023676504175,2,2,6
36,Uttar Pradesh_District_36,Uttar Pradesh,16.148479949592453,57.66096964621104,93.6002399877326,1,5,8
37,Uttar Pradesh_District_37,Uttar Pradesh,7.948875449286956,69.07752634910028,64.75328917165119,0,2,9
38,Uttar Pradesh_District_38,Uttar Pradesh,29.577060369218376,51.70881862883567,62.006343191905685,3,5,11
39,Uttar Pradesh_District_39,Uttar Pradesh,16.247589120257615,46.325821355808564,95.27727805929169,3,6,8
40,Uttar Pradesh_District_40,Uttar Pradesh,11.068461205689486,35.84919226209701,77.74905044235253,2,4,8
41,Uttar Pradesh_District_41,Uttar Pradesh,30.014016521146768,63.158049487400305,69.04725764377176,2,5,9
42,Uttar Pradesh_District_42,Uttar Pradesh,31.03514211160553,60.79823727360624,94.9042223622273,3,4,11
43,Uttar Pradesh_District_43,Uttar Pradesh,7.994399046982621,48.41414588314954,90.45273118767258,1,4,11
44,Uttar Pradesh_District_44,Uttar Pradesh,25.574959235994474,38.33486360766028,94.65915954898753,3,2,11
45,Uttar Pradesh_District_45,Uttar Pradesh,14.91574348423876,66.1782476424965,63.26898627640845,3,3,9
46,Uttar Pradesh_District_46,Uttar Pradesh,38.62111260584351,37.717061688581296,77.85657314658206,3,5,8
47,Uttar Pradesh_District_47,Uttar Pradesh,36.421952289498535,20.253743897503515,81.72404253339482,3,4,9
48,Uttar Pradesh_District_48,Uttar Pradesh,30.512325344211753,56.23630000735074,61.10942580919283,3,6,11
49,Uttar Pradesh_District_49,Uttar Pradesh,33.71288953181829,31.351367384176758,63.336014435419116,3,3,8
50,Uttar Pradesh_District_50,Uttar Pradesh,23.181276269788036,49.69406944486596,77.78028834953938,0,7,9
51,Uttar Pradesh_District_51,Uttar Pradesh,21.787200463313603,57.5272641884887,75.56025619017662,0,4,10
52,Uttar Pradesh_District_52,Uttar Pradesh,4.40639438138394,62.739529337685354,61.27388253129948,2,5,7
53,Uttar Pradesh_District_53,Uttar Pradesh,25.49880984213607,63.67277893365519,87.02807211086773,0,3,5
54,Uttar Pradesh_District_54,Uttar Pradesh,21.738614648469134,49.327052389735854,93.97796772541776,4,7,8
55,Uttar Pradesh_District_55,Uttar Pradesh,29.99377299899059,21.09344414753619,93.21946379708731,2,3,8
56,Uttar Pradesh_District_56,Uttar Pradesh,25.923431523319856,64.0879962885827,84.58076736876617,1,2,10
57,Uttar Pradesh_District_57,Uttar Pradesh,39.34322930054711,62.143018990086205,80.68924931908876,2,4,7
58,Uttar Pradesh_District_58,Uttar Pradesh,18.236562249412973,39.17645733922008,73.5912687945491,3,2,9
59,Uttar Pradesh_District_59,Uttar Pradesh,23.673840311838372,65.95744134356192,96.10977119869415,3,7,9
60,Uttar Pradesh_District_60,Uttar Pradesh,11.71905151423434,58.92276261903159,91.22661390816117,0,3,10
61,Uttar Pradesh_District_61,Uttar Pradesh,11.083817210012196,37.09488236970972,76.51015367074262,2,4,5
62,Uttar Pradesh_District_62,Uttar Pradesh,8.887971795954247,22.47916328215177,85.93194531936227,0,4,10
63,Uttar Pradesh_District_63,Uttar Pradesh,25.982307176979464,31.376869996536044,86.05071060525295,0,7,9
64,Uttar Pradesh_District_64,Uttar Pradesh,14.495044935715118,48.64858343472173,98.19570311927598,0,6,6
65,Uttar Pradesh_District_65,Uttar Pradesh,14.828340636693289,26.58940254664904,69.05293539755884,4,5,10
66,Uttar Pradesh_District_66,Uttar Pradesh,22.82783933704648,35.702814040161726,88.37173391037659,4,5,11
67,Uttar Pradesh_District_67,Uttar Pradesh,1.0912044917073338,39.04515240130963,93.03155426557173,0,6,5
68,Uttar Pradesh_District_68,Uttar Pradesh,39.52920345635001,37.73919831973436,99.37413338501041,1,5,5
69,Uttar Pradesh_District_69,Uttar Pradesh,2.5259323821348856,33.775642131179126,60.92910447107467,4,3,11
70,Uttar Pradesh_District_70,Uttar Pradesh,23.66197440292625,35.98833722033444,92.90922869212827,3,7,8
71,Uttar Pradesh_District_71,Uttar Pradesh,38.688868669731676,34.85574265656367,61.649464188964444,2,5,5
72,Uttar Pradesh_District_72,Uttar Pradesh,24.571548653974567,61.21355467402383,95.62400146198371,4,4,10
73,Uttar Pradesh_District_73,Uttar Pradesh,5.825955348135854,35.44776439028928,65.51798985972901,1,2,10
74,Uttar Pradesh_District_74,Uttar Pradesh,29.755857758300436,36.188153317984614,92.20322744905565,1,4,10
75,Uttar Pradesh_District_75,Uttar Pradesh,3.153091050077834,36.23917074252206,96.68807167454996,2,4,10
76,Maharashtra_District_1,Maharashtra,17.468195683352135,26.245306217913054,91.95364170430975,1,4,10
77,Maharashtra_District_2,Maharashtra,27.868716432745273,34.48951253159949,77.70932918514961,3,6,9
78,Maharashtra_District_3,Maharashtra,31.089818272605672,41.65038310241111,72.76416412125006,1,6,7
79,Maharashtra_District_4,Maharashtra,19.656139761067706,50.062899180864775,76.9904272797128,1,4,11
80,Maharashtra_District_5,Maharashtra,8.658690750033728,62.021371793138925,93.02676054518543,3,2,6
81,Maharashtra_District_6,Maharashtra,38.3731957769571,62.52644143320749,77.42842393512461,2,4,8
82,Maharashtra_District_7,Maharashtra,38.26749450500938,34.96564750957137,97.61038280709897,1,4,5
83,Maharashtra_District_8,Maharashtra,12.843188670368516,41.513884318338654,88.13987814750364,3,3,8
84,Maharashtra_District_9,Maharashtra,37.307936357581056,20.50765308314652,96.4833968279556,0,2,10
85,Maharashtra_District_10,Maharashtra,11.673606194150468,55.07194966049511,76.31587537602411,4,4,6
86,Maharashtra_District_11,Maharashtra,0.4210087130354623,23.273857074946168,79.90149357487522,0,4,9
87,Maharashtra_District_12,Maharashtra,6.8486659696233865,24.264363555923527,68.21045499516694,3,5,5
88,Maharashtra_District_13,Maharashtra,4.149124408419667,21.595679947148092,62.76353310278055,1,4,9
89,Maharashtra_District_14,Maharashtra,1.7315416580509302,40.36338556829948,77.91577341703902,0,6,10
90,Maharashtra_District_15,Maharashtra,18.705492306658442,55.011709808733656,85.26838664307539,2,3,10
91,Maharashtra_District_16,Maharashtra,18.166995811439737,24.04403263540224,70.50530740397737,2,4,7
92,Maharashtra_District_17,Maharashtra,4.211326077575732,35.20099468432634,64.71430170489609,0,7,9
93,Maharashtra_District_18,Maharashtra,27.101419909420002,31.303935398508187,72.8897523852206,0,2,9
94,Maharashtra_District_19,Maharashtra,33.87100553477385,35.76456003285639,69.07547010599106,0,4,11
95,Maharashtra_District_20,Maharashtra,2.5701340921209948,21.474183802512876,82.18340675737113,1,3,11
96,Maharashtra_District_21,Maharashtra,16.817120998016506,46.44600942385992,98.82019944034222,0,5,10
97,Maharashtra_District_22,Maharashtra,0.1948429605633928,35.46622455708717,83.95183851738955,1,5,6
98,Maharashtra_District_23,Maharashtra,38.394108823559215,59.44239119748207,92.08745528667633,3,6,6
99,Maharashtra_District_24,Maharashtra,20.91332112103355,33.770787528418545,99.95374925263687,3,4,7
100,Maharashtra_District_25,Maharashtra,17.512625213232106,46.78466978916542,94.65276954444818,2,3,11
101,Maharashtra_District_26,Maharashtra,15.003469941972941,56.508154942456194,61.9351935697341,3,3,8
102,Maharashtra_District_27,Maharashtra,8.989411478770016,20.101097637871177,69.6077873490153,1,3,11
103,Maharashtra_District_28,Maharashtra,13.188212594493391,56.94542614493043,62.357626563939334,2,6,5
104,Maharashtra_District_29,Maharashtra,15.909506715435992,62.89389345973073,62.812656992682044,1,6,8
105,Maharashtra_District_30,Maharashtra,18.318091738758454,69.24984540523425,88.98030538823119,2,3,8
106,Maharashtra_District_31,Maharashtra,7.559817349662268,32.75737149358931,81.50269304368078,0,6,6
107,Maharashtra_District_32,Maharashtra,31.83657158047747,60.19566347645453,62.847351140891,2,6,7
108,Maharashtra_District_33,Maharashtra,13.851340177726698,45.034381672709934,69.3624221817391,2,6,10
109,Maharashtra_District_34,Maharashtra,7.213109154424595,33.23781163855063,70.61244969108817,0,6,8
110,Maharashtra_District_35,Maharashtra,6.694914789542832,31.4885510077965,94.01216622114589,0,7,11
111,Maharashtra_District_36,Maharashtra,34.278063691654175,63.9980259864476,66.39289413938349,3,3,11
112,Bihar_District_1,Bihar,28.936696474608755,52.220636380472776,86.05330128246065,0,3,10
113,Bihar_District_2,Bihar,10.416052248100765,48.74073655393698,97.3577364413899,2,7,6
114,Bihar_District_3,Bihar,2.5714393008054914,59.69550585212029,62.01309533707425,3,2,6
115,Bihar_District_4,Bihar,1.8830876710401023,61.406540436849404,85.8537313897825,4,2,9
116,Bihar_District_5,Bihar,37.761416360752264,28.811725464728696,71.07317855976825,2,5,10
117,Bihar_District_6,Bihar,37.3755793711132,52.865448830809186,65.29403219143887,1,6,5
118,Bihar_District_7,Bihar,34.258550560401645,26.528032194784394,68.3903393066955,3,7,5
119,Bihar_District_8,Bihar,35.657573014989694,51.52967897751086,66.52143200959067,4,7,6
120,Bihar_District_9,Bihar,34.698898807345266,48.813309142365924,91.11603724030829,2,4,9
121,Bihar_District_10,Bihar,16.688924884374742,36.22665935324646,68.18238097362818,1,7,9
122,Bihar_District_11,Bihar,19.013518027232745,61.71355442604708,61.51673213921397,2,2,7
123,Bihar_District_12,Bihar,15.73683425108424,68.4037127994213,89.02059064354123,3,2,5
124,Bihar_District_13,Bihar,2.8821857286887065,29.49902286378341,91.08915290200683,4,3,9
125,Bihar_District_14,Bihar,29.25158247178142,61.14499412352131,77.18377892018711,0,2,7
126,Bihar_District_15,Bihar,31.83458039641062,54.86230883265129,95.4650875567013,4,3,10
127,Bihar_District_16,Bihar,21.766966978096235,68.37208667406117,97.21664191989693,0,7,9
128,Bihar_District_17,Bihar,9.26369988671154,54.165780537896225,67.93157186697367,4,3,8
129,Bihar_District_18,Bihar,12.195596349976,66.0565721349223,73.5938399641529,1,7,9
130,Bihar_District_19,Bihar,35.891486682348564,54.8149380227533,69.51854590548375,4,2,10
131,Bihar_District_20,Bihar,39.56486778032512,31.593499850478118,82.52257828879405,3,3,9
132,Bihar_District_21,Bihar,31.83827530053651,61.34589121847457,63.52017093577968,0,2,11
133,Bihar_District_22,Bihar,36.08242466997697,65.01154554914709,85.17809217422855,4,2,6
134,Bihar_District_23,Bihar,32.14443341703497,45.97348107216532,74.24624789074068,1,5,9
135,Bihar_District_24,Bihar,32.56893936474468,50.37377993832348,72.35963550767435,3,7,6
136,Bihar_District_25,Bihar,4.785806526491894,43.95450264959686,66.11870647121182,1,3,8
137,Bihar_District_26,Bihar,39.98862968448283,22.257138991074736,93.95311507280722,4,3,6
138,Bihar_District_27,Bihar,9.664969700494517,27.79207924943487,82.63852132088999,3,4,7
139,Bihar_District_28,Bihar,7.586912260335423,33.45287173201967,68.50126442357704,2,6,8
140,Bihar_District_29,Bihar,20.702968574504656,52.99470744641316,62.667716664694744,1,4,11
141,Bihar_District_30,Bihar,33.41730633277638,55.34581595212401,85.87920533447331,4,3,9
142,Bihar_District_31,Bihar,38.957179622473674,64.45956047972129,98.60551355744055,3,5,8
143,Bihar_District_32,Bihar,16.442383868867836,64.32496055898034,73.54672752150174,0,7,6
144,Bihar_District_33,Bihar,1.8336057315851395,33.19531405659905,75.36248273265845,0,7,8
145,Bihar_District_34,Bihar,3.0966408183860716,60.06846653693233,80.6918256918533,4,2,5
146,Bihar_District_35,Bihar,6.072421236592791,45.31880002411977,70.52804623059191,0,6,8
147,Bihar_District_36,Bihar,38.378971059306444,64.48397429452027,98.4374829552736,2,6,8
148,Bihar_District_37,Bihar,37.284643091482806,24.440403683347643,94.48571900715066,1,5,7
149,Bihar_District_38,Bihar,5.2335957134802635,40.48951217002525,88.51923137968346,4,3,5
150,West Bengal_District_1,West Bengal,39.19100243875717,34.37628366156016,72.73267011947488,0,5,9
151,West Bengal_District_2,West Bengal,4.989922059246941,68.19778558737882,83.5363201476052,2,5,11
152,West Bengal_District_3,West Bengal,23.007133146666952,43.278306112138694,87.50750494215553,2,4,9
153,West Bengal_District_4,West Bengal,14.017404437826123,29.221883913453976,74.17939955129273,3,5,11
154,West Bengal_District_5,West Bengal,39.633181487692546,26.459542870524427,69.56387429412737,3,3,6
155,West Bengal_District_6,West Bengal,31.678460682295615,35.82459428208648,66.42110373614021,4,3,7
156,West Bengal_District_7,West Bengal,3.1518792586451605,63.846226251966115,79.35668803693551,1,7,5
157,West Bengal_District_8,West Bengal,35.07783996132166,61.90534096500371,88.28517909278253,4,4,7
158,West Bengal_District_9,West Bengal,25.850506412575957,35.81432065772784,92.49360028646075,4,2,11
159,West Bengal_District_10,West Bengal,13.178020767472818,64.01528787142706,75.43946875686855,3,2,7
160,West Bengal_District_11,West Bengal,22.588733315053137,29.12861489341464,75.21282635173226,3,6,7
161,West Bengal_District_12,West Bengal,36.770012222588086,36.279712047757386,61.51187994580411,3,3,7
162,West Bengal_District_13,West Bengal,5.146362639041793,25.764037373929742,96.56921372379952,2,2,11
163,West Bengal_District_14,West Bengal,24.946893168656924,63.72770547963366,63.44164315261808,3,2,8
164,West Bengal_District_15,West Bengal,35.876392622881625,54.04902769632544,95.11209547508503,4,2,11
165,West Bengal_District_16,West Bengal,23.277105950115683,46.11019225098329,67.71155262894648,3,3,8
166,West Bengal_District_17,West Bengal,16.39529916774279,39.66828967427777,87.3957237796825,4,2,9
167,West Bengal_District_18,West Bengal,15.897656202892104,62.222456838049716,63.21175322778016,3,3,6
168,West Bengal_District_19,West Bengal,19.212543674740658,36.63539201670345,82.82775930601622,0,6,5
169,West Bengal_District_20,West Bengal,24.316118970516435,61.11243768626655,78.95728903090094,3,3,7
170,West Bengal_District_21,West Bengal,34.57817775927016,36.25265142629509,84.30591428899265,2,4,10
171,West Bengal_District_22,West Bengal,24.94026537661923,31.159100269161733,84.12745682799235,3,7,10
172,West Bengal_District_23,West Bengal,33.113422578899105,62.23112434017797,60.70722115252528,3,2,11
173,Madhya Pradesh_District_1,Madhya Pradesh,16.35018588202811,58.205245419865065,72.54430655627586,1,2,8
174,Madhya Pradesh_District_2,Madhya Pradesh,23.75336995941843,27.739744135166248,83.00689133257593,2,5,8
175,Madhya Pradesh_District_3,Madhya Pradesh,25.31019703418558,22.73922702770789,79.3196801975909,1,2,11
176,Madhya Pradesh_District_4,Madhya Pradesh,7.46078206052037,32.10006348312988,72.13731250260726,4,5,10
177,Madhya Pradesh_District_5,Madhya Pradesh,7.877069757537227,51.507992535214775,61.53027447784658,4,5,8
178,Madhya Pradesh_District_6,Madhya Pradesh,31.34230547463723,24.503796477327636,70.89728699694402,0,4,6
179,Madhya Pradesh_District_7,Madhya Pradesh,6.9505552883389665,28.251486887338636,90.55585313099385,2,4,5
180,Madhya Pradesh_District_8,Madhya Pradesh,21.292387860849992,58.37211351029601,71.3667511165273,0,3,7
181,Madhya Pradesh_District_9,Madhya Pradesh,25.707392559476947,67.815161561072,74.36900778168564,0,4,9
182,Madhya Pradesh_District_10,Madhya Pradesh,33.53275733607552,53.76187885420462,99.95950273311936,1,2,9
183,Madhya Pradesh_District_11,Madhya Pradesh,32.84001576122379,69.46018471613212,74.01789843612158,3,2,10
184,Madhya Pradesh_District_12,Madhya Pradesh,36.61681496953396,27.631687789684772,79.57281298561475,1,4,5
185,Madhya Pradesh_District_13,Madhya Pradesh,24.68925832854599,66.76327965576368,97.3218325706091,0,4,10
186,Madhya Pradesh_District_14,Madhya Pradesh,15.606658349655419,40.9952365014767,97.31320988916787,0,2,9
187,Madhya Pradesh_District_15,Madhya Pradesh,26.57404133888402,46.83664086764981,64.70706168176513,2,5,8
188,Madhya Pradesh_District_16,Madhya Pradesh,14.244678488847127,54.649236371231176,66.42663519349281,3,6,5
189,Madhya Pradesh_District_17,Madhya Pradesh,2.371925711386833,40.51047196470065,71.12697583893612,1,3,9
190,Madhya Pradesh_District_18,Madhya Pradesh,1.1824699152647478,48.28057034142246,71.63606232947375,0,5,5
191,Madhya Pradesh_District_19,Madhya Pradesh,25.09079894648385,21.965483405144113,77.14462224055302,2,5,11
192,Madhya Pradesh_District_20,Madhya Pradesh,33.44989338533293,44.349353612074694,90.44334563084766,2,2,11
193,Madhya Pradesh_District_21,Madhya Pradesh,12.434016835714363,27.341951528786822,99.1533213220123,4,6,8
194,Madhya Pradesh_District_22,Madhya Pradesh,27.214861248897805,59.48607473571373,95.72100950822319,1,5,11
195,Madhya Pradesh_District_23,Madhya Pradesh,27.766768458447544,49.188420158326906,90.63009921127224,0,3,8
196,Madhya Pradesh_District_24,Madhya Pradesh,10.295083710443498,35.756480219903764,72.75868950264712,2,3,5
197,Madhya Pradesh_District_25,Madhya Pradesh,28.815310064924198,67.93718858476721,99.51360942204806,4,5,6
198,Madhya Pradesh_District_26,Madhya Pradesh,34.10742852719722,49.82384043319361,60.07548766388538,4,6,5
199,Madhya Pradesh_District_27,Madhya Pradesh,5.62224240290055,59.684327003170885,77.8676048843403,2,6,8
200,Madhya Pradesh_District_28,Madhya Pradesh,34.21250327578758,37.65794110649473,92.69704707435423,2,3,11
201,Madhya Pradesh_District_29,Madhya Pradesh,1.0949155183878467,45.75937542364219,75.08635354650993,1,3,11
202,Madhya Pradesh_District_30,Madhya Pradesh,39.62680133180773,37.79458183268348,89.0071184306882,4,7,9
203,Madhya Pradesh_District_31,Madhya Pradesh,12.409433990729216,56.22734422957642,93.33970096713179,4,7,6
204,Madhya Pradesh_District_32,Madhya Pradesh,30.313471720894988,28.272965549748317,99.1399922111641,2,6,8
205,Madhya Pradesh_District_33,Madhya Pradesh,29.39013384527168,37.45508409015963,69.47775126645067,0,6,7
206,Madhya Pradesh_District_34,Madhya Pradesh,18.419919133487547,40.00884500853209,90.21679246793823,2,5,8
207,Madhya Pradesh_District_35,Madhya Pradesh,0.08240968019697537,20.14640431776219,84.91491361364024,4,4,9
208,Madhya Pradesh_District_36,Madhya Pradesh,18.428982902659516,34.4796307328445,97.92809035223246,1,2,10
209,Madhya Pradesh_District_37,Madhya Pradesh,6.3615839692124965,36.98376598814515,91.94291683506603,4,3,11
210,Madhya Pradesh_District_38,Madhya Pradesh,36.36825641260488,37.37334351649925,91.86781477921537,4,5,5
211,Madhya Pradesh_District_39,Madhya Pradesh,20.582989974597062,60.38138250231771,96.94437013384889,4,6,9
212,Madhya Pradesh_District_40,Madhya Pradesh,32.862115695189004,21.397496698568833,63.70734446543207,0,4,10
213,Madhya Pradesh_District_41,Madhya Pradesh,5.157823000270572,24.576758863057414,72.60158372772455,0,7,10
214,Madhya Pradesh_District_42,Madhya Pradesh,30.34366578377376,69.60211533608935,66.647507472077,2,2,11
215,Madhya Pradesh_District_43,Madhya Pradesh,26.810933565813073,39.46196567999529,89.0554208563907,1,6,9
216,Madhya Pradesh_District_44,Madhya Pradesh,13.3620216913063,52.07115057873609,82.49911251076192,0,7,10
217,Madhya Pradesh_District_45,Madhya Pradesh,4.383572771961988,35.02967539643014,64.5163601973812,4,5,8
218,Madhya Pradesh_District_46,Madhya Pradesh,3.6533356750326273,56.38294073585116,76.16377400753431,4,2,6
219,Madhya Pradesh_District_47,Madhya Pradesh,14.465724987207086,36.477172198024135,98.68273919073475,1,3,8
220,Madhya Pradesh_District_48,Madhya Pradesh,16.578029139912935,57.58307688707845,71.70552980462998,0,6,9
221,Madhya Pradesh_District_49,Madhya Pradesh,21.13439492470034,40.4305797077658,70.37502006762688,4,5,7
222,Madhya Pradesh_District_50,Madhya Pradesh,27.085112881617718,67.68333522913426,89.11081134220106,0,7,6
223,Madhya Pradesh_District_51,Madhya Pradesh,35.76430285865661,32.10377458821226,70.03589546673048,0,4,5
224,Madhya Pradesh_District_52,Madhya Pradesh,24.962166483085472,42.56497642277661,82.47863539972423,0,2,9
225,Tamil Nadu_District_1,Tamil Nadu,17.07208440671495,24.432192924240695,88.52379902077378,3,4,7
226,Tamil Nadu_District_2,Tamil Nadu,14.322657977644141,57.332235606954164,88.00483093431365,1,2,6
227,Tamil Nadu_District_3,Tamil Nadu,0.2682792046927629,64.74092208211701,80.1024423777185,0,6,8
228,Tamil Nadu_District_4,Tamil Nadu,0.9854535823213384,69.15105415844738,62.51106980876202,0,5,7
229,Tamil Nadu_District_5,Tamil Nadu,2.383192976297357,37.79426391566046,69.49508257468395,0,2,11
230,Tamil Nadu_District_6,Tamil Nadu,11.32720443422933,46.925474055820175,82.11897522904485,2,4,11
231,Tamil Nadu_District_7,Tamil Nadu,39.90421830730858,20.034799352464717,75.4049382663764,0,2,5
232,Tamil Nadu_District_8,Tamil Nadu,5.692365770004786,69.90426958115214,62.261932722422685,3,2,5
233,Tamil Nadu_District_9,Tamil Nadu,10.440323037851966,48.83090026587459,81.19804523328597,2,4,11
234,Tamil Nadu_District_10,Tamil Nadu,20.381935403599112,54.100822382992405,88.13388766356269,3,7,8
235,Tamil Nadu_District_11,Tamil Nadu,24.95143581874274,48.434425293202274,82.97978555125272,1,6,6
236,Tamil Nadu_District_12,Tamil Nadu,36.1686097879145,30.33853167431254,92.91536667457271,4,4,7
237,Tamil Nadu_District_13,Tamil Nadu,6.942809669707213,29.68244284482823,90.73794551824864,2,5,9
238,Tamil Nadu_District_14,Tamil Nadu,17.774716588054687,51.2156846617105,96.1936575915723,1,6,10
239,Tamil Nadu_District_15,Tamil Nadu,38.05328419886732,22.146313439968655,96.08590333576107,3,3,8
240,Tamil Nadu_District_16,Tamil Nadu,21.806656008643557,38.62468815323844,73.32811887099275,3,7,8
241,Tamil Nadu_District_17,Tamil Nadu,5.737664646982461,35.93275742777588,85.97908948840228,4,7,6
242,Tamil Nadu_District_18,Tamil Nadu,34.487222710957674,33.65172157480784,93.15677523932501,3,3,5
243,Tamil Nadu_District_19,Tamil Nadu,21.79426101780923,30.936940888701983,91.8912718260166,1,2,8
244,Tamil Nadu_District_20,Tamil Nadu,5.651223318726646,22.42515548880114,98.65287949653481,2,6,9
245,Tamil Nadu_District_21,Tamil Nadu,2.573503781930224,46.514552485449,67.7618209723696,4,4,9
246,Tamil Nadu_District_22,Tamil Nadu,11.428423462819302,25.40288562128036,66.45481198771472,3,3,8
247,Tamil Nadu_District_23,Tamil Nadu,12.653991284285349,27.504119733955445,85.67849194203191,0,2,6
248,Tamil Nadu_District_24,Tamil Nadu,24.348090710808144,24.3047270089914,85.08833818419492,2,5,5
249,Tamil Nadu_District_25,Tamil Nadu,27.36588830545456,61.46983368062363,83.74770146024477,3,7,10
250,Tamil Nadu_District_26,Tamil Nadu,5.958552102457526,22.299102347776522,71.40092614549293,2,6,5
251,Tamil Nadu_District_27,Tamil Nadu,32.00312752300397,51.29766726072881,86.15615635243941,3,6,7
252,Tamil Nadu_District_28,Tamil Nadu,11.457096713230367,57.17355736477618,99.55189723390666,2,6,6
253,Tamil Nadu_District_29,Tamil Nadu,10.75298412503491,60.27538956059525,98.33557697216133,1,4,8
254,Tamil Nadu_District_30,Tamil Nadu,10.351943894240412,67.44370652022673,62.22300506731901,2,5,11
255,Tamil Nadu_District_31,Tamil Nadu,29.6824904504184,29.388944960906628,76.71637769750545,4,6,6
256,Tamil Nadu_District_32,Tamil Nadu,0.5867960398905891,69.34254813826476,71.2406609467579,0,2,5
257,Tamil Nadu_District_33,Tamil Nadu,5.214623442842963,40.41762264155947,81.93290673726165,4,6,6
258,Tamil Nadu_District_34,Tamil Nadu,18.03025496300618,34.031180630229,79.76398304097901,0,5,9
259,Tamil Nadu_District_35,Tamil Nadu,27.793942394924755,69.76736573525517,67.52603644906675,1,2,9
260,Tamil Nadu_District_36,Tamil Nadu,4.172890474346458,62.54002271740409,68.43807393652013,0,3,11
261,Tamil Nadu_District_37,Tamil Nadu,27.61863267709055,52.55981197260745,95.4493994259531,1,3,8
262,Tamil Nadu_District_38,Tamil Nadu,21.359564279229133,58.309257438804124,66.84099490801603,0,6,7
263,Rajasthan_District_1,Rajasthan,27.610772990597706,56.368390037404566,99.90143201743729,2,5,7
264,Rajasthan_District_2,Rajasthan,36.85856541739207,62.19127577119534,86.0891207681297,4,3,9
265,Rajasthan_District_3,Rajasthan,7.767415904627413,55.806050786667676,65.76179594901163,4,5,6
266,Rajasthan_District_4,Rajasthan,11.757544776222058,25.386994928338506,63.86066799740245,0,7,8
267,Rajasthan_District_5,Rajasthan,19.974327504878854,31.855206345560838,90.37310198826214,4,2,8
268,Rajasthan_District_6,Rajasthan,0.2693461805407349,21.124398077663724,84.84236324605726,3,7,6
269,Rajasthan_District_7,Rajasthan,25.614571137748783,51.503676642241814,73.42004423143014,2,2,7
270,Rajasthan_District_8,Rajasthan,6.962706340767042,21.278045133423017,85.8228663805489,4,3,10
271,Rajasthan_District_9,Rajasthan,1.3122313780338146,40.02451003991847,68.70308712382423,4,7,11
272,Rajasthan_District_10,Rajasthan,11.081645386934373,37.715655877698644,82.70711872285727,4,7,11
273,Rajasthan_District_11,Rajasthan,9.18152164403676,30.706350014698536,66.99114960353427,1,6,8
274,Rajasthan_District_12,Rajasthan,15.836969081851805,28.72738503900739,83.7577899256951,4,3,11
275,Rajasthan_District_13,Rajasthan,26.864305001151074,21.823600780752514,80.82651182122176,1,2,11
276,Rajasthan_District_14,Rajasthan,32.133057539732484,36.046972602783434,97.26463139004105,4,7,7
277,Rajasthan_District_15,Rajasthan,0.38477382320277975,32.350752578968525,71.3041619202979,0,2,11
278,Rajasthan_District_16,Rajasthan,27.10879780395611,57.432665202617095,79.31546526417588,0,3,7
279,Rajasthan_District_17,Rajasthan,1.8027727873270027,37.10729772047294,74.09629271149024,2,2,9
280,Rajasthan_District_18,Rajasthan,1.474814583438926,41.401271332257195,69.15273409239322,1,5,10
281,Rajasthan_District_19,Rajasthan,4.9430559035521915,59.91391998143334,65.16291786001656,4,5,6
282,Rajasthan_District_20,Rajasthan,0.12597289196491168,49.626520678079714,96.00844764917571,4,5,10
283,Rajasthan_District_21,Rajasthan,16.89601014665248,45.72922261306757,89.61341689073251,4,3,11
284,Rajasthan_District_22,Rajasthan,29.784640297517658,44.147951476416196,68.68623869162775,0,5,9
285,Rajasthan_District_23,Rajasthan,34.56891296960479,29.891937650069217,62.32022826305763,3,7,6
286,Rajasthan_District_24,Rajasthan,3.396458336298167,62.168205436178624,92.09294531976772,4,4,6
287,Rajasthan_District_25,Rajasthan,37.381075282106046,50.7506603471983,65.63898581023228,4,4,11
288,Rajasthan_District_26,Rajasthan,17.74484563185524,57.41843906547315,79.78038285191349,0,5,9
289,Rajasthan_District_27,Rajasthan,36.523758472127355,52.66475995484596,96.26275512664839,0,4,5
290,Rajasthan_District_28,Rajasthan,2.572165364126966,53.240056534555386,67.77248711058648,1,6,11
291,Rajasthan_District_29,Rajasthan,3.071386923187567,58.75662394238912,64.16626452631755,2,5,8
292,Rajasthan_District_30,Rajasthan,28.11646172098793,40.3151675996894,81.59151356677901,4,5,5
293,Rajasthan_District_31,Rajasthan,2.4953537362988643,32.61751543319795,70.84619148263673,3,2,6
294,Rajasthan_District_32,Rajasthan,31.231730991290224,54.84939710028945,70.64752443714761,4,3,10
295,Rajasthan_District_33,Rajasthan,37.13546094914334,24.879954567432886,87.00575844815197,0,6,11
296,Karnataka_District_1,Karnataka,7.814898555977208,55.635862902895624,80.79940025391969,4,5,7
297,Karnataka_District_2,Karnataka,31.19226833686762,63.72146725755613,64.80494623816831,4,2,9
298,Karnataka_District_3,Karnataka,29.118464251976146,63.72289683327834,71.99364342612787,3,3,10
299,Karnataka_District_4,Karnataka,20.44148310481656,33.77859735636664,64.28121699561764,3,2,5
300,Karnataka_District_5,Karnataka,39.63184136411146,47.16524238002914,84.8224174364191,1,3,11
301,Karnataka_District_6,Karnataka,5.06712974188718,67.76083569441563,91.41055559736355,2,4,5
302,Karnataka_District_7,Karnataka,9.542128148945883,37.983955425658294,60.684590857300535,4,6,9
303,Karnataka_District_8,Karnataka,15.296693619173109,53.334126036420805,66.03868546235677,4,4,5
304,Karnataka_District_9,Karnataka,36.3371319362076,61.191885735425245,92.45281262250592,1,5,8
305,Karnataka_District_10,Karnataka,4.260180709379142,48.31965188079168,75.14507477277587,1,5,9
306,Karnataka_District_11,Karnataka,29.398763258112808,42.45575253130572,96.06918161364146,1,4,5
307,Karnataka_District_12,Karnataka,9.298279255862653,20.30974604535372,82.5680223283081,0,7,7
308,Karnataka_District_13,Karnataka,3.6450239728992218,58.94532448696622,69.1331492319928,1,7,7
309,Karnataka_District_14,Karnataka,36.22993567644799,58.770178891602484,67.27552413771129,2,7,11
310,Karnataka_District_15,Karnataka,39.718787276699615,44.81629657858795,89.05485528965774,4,6,9
311,Karnataka_District_16,Karnataka,5.592944646280982,43.46324399803861,61.09077249915481,4,2,6
312,Karnataka_District_17,Karnataka,19.92658106093234,46.6802171412186,73.29291490335558,3,4,9
313,Karnataka_District_18,Karnataka,2.9342103808882536,43.7412704191149,88.1627391100713,2,6,5
314,Karnataka_District_19,Karnataka,15.642794596990118,50.531347764785366,72.38756031927338,2,4,11
315,Karnataka_District_20,Karnataka,11.517505612717711,41.53759016581124,88.04305758950292,4,4,6
316,Karnataka_District_21,Karnataka,2.4029926843761817,28.868208417196612,77.6975166966851,0,5,9
317,Karnataka_District_22,Karnataka,5.61524018396065,47.246097025678736,74.71525328719194,0,4,11
318,Karnataka_District_23,Karnataka,24.006885501256217,22.748551668845877,99.54355586715869,1,4,6
319,Karnataka_District_24,Karnataka,16.64382284961122,23.919210165858654,62.779916803774185,4,3,7
320,Karnataka_District_25,Karnataka,8.096999080794491,57.90583352286604,69.62763332457796,4,7,8
321,Karnataka_District_26,Karnataka,18.840100652499615,63.41625732141019,63.849512046656415,1,3,6
322,Karnataka_District_27,Karnataka,12.285532197127736,48.61939442032482,88.71150149144783,1,4,5
323,Karnataka_District_28,Karnataka,4.057531995196677,29.379078387718348,82.26855789789442,0,7,11
324,Karnataka_District_29,Karnataka,10.601484520890727,57.12797635939238,86.5970670245915,2,2,10
325,Karnataka_District_30,Karnataka,38.915156922381456,29.134351385324514,95.7181361275409,4,4,7
326,Karnataka_District_31,Karnataka,6.170388683028496,48.31383180542906,75.8424199875553,3,6,7
327,Gujarat_District_1,Gujarat,8.324794677060886,39.37297588076392,83.91005662636569,0,2,7
328,Gujarat_District_2,Gujarat,13.724851001368851,57.68472503493873,98.95411805639482,3,2,10
329,Gujarat_District_3,Gujarat,38.05414202377473,48.719169867417605,83.101861762462,0,6,6
330,Gujarat_District_4,Gujarat,2.62201464885667,50.211050016282314,83.05274745539965,1,2,9
331,Gujarat_District_5,Gujarat,39.69288597261374,23.970972900262016,83.35064457661429,0,5,6
332,Gujarat_District_6,Gujarat,30.119161493643396,59.606772696813195,74.23532913605368,3,3,8
333,Gujarat_District_7,Gujarat,18.8458870487081,68.84672968826118,95.66078468252215,2,3,11
334,Gujarat_District_8,Gujarat,20.272800869367437,31.198550446193433,81.8881896297254,1,6,6
335,Gujarat_District_9,Gujarat,27.153860798695312,67.10207179884603,75.76988614342967,1,2,7
336,Gujarat_District_10,Gujarat,29.435883443792914,43.41066827812213,86.68315730787256,3,4,9
337,Gujarat_District_11,Gujarat,35.75726062859585,40.9653087050425,95.75046982497209,4,6,7
338,Gujarat_District_12,Gujarat,29.633335638787376,44.78214600071397,61.917201305586154,1,7,5
339,Gujarat_District_13,Gujarat,8.2545174198793,21.03318555679055,97.9992612531151,1,7,9
340,Gujarat_District_14,Gujarat,34.78753249472443,49.78985313416739,60.95302395301966,2,7,9
341,Gujarat_District_15,Gujarat,10.761054440166253,62.87279586618242,96.61623804647635,2,7,7
342,Gujarat_District_16,Gujarat,39.306070462172194,36.17977468859387,90.91550895535914,0,6,9
343,Gujarat_District_17,Gujarat,17.766010438048355,49.257483128469815,61.17279628607076,2,6,8
344,Gujarat_District_18,Gujarat,9.946087961098593,67.9006580774361,63.11010210615513,3,6,9
345,Gujarat_District_19,Gujarat,19.648043684293853,49.2617055595317,71.76065834939381,3,6,5
346,Gujarat_District_20,Gujarat,28.21006551224854,30.814703494373735,90.49424634516949,0,3,9
347,Gujarat_District_21,Gujarat,6.967618926466161,43.510350874078725,91.43310771426167,0,6,7
348,Gujarat_District_22,Gujarat,26.624584627486332,60.232599796740665,88.67697040584167,0,4,10
349,Gujarat_District_23,Gujarat,12.692247105228475,47.63653778979519,98.8825684502886,3,7,7
350,Gujarat_District_24,Gujarat,29.10044667915887,62.76261303529426,69.46891721210206,0,2,7
351,Gujarat_District_25,Gujarat,0.2549154876713322,52.10795189590994,64.14163862849423,1,5,11
352,Gujarat_District_26,Gujarat,31.1910726076753,20.124003222858033,85.66711514294582,0,3,10
353,Gujarat_District_27,Gujarat,33.38562478363064,21.711642996625613,83.86371689452389,4,4,10
354,Gujarat_District_28,Gujarat,26.856701860705424,64.25214128250096,61.04833880456491,4,2,11
355,Gujarat_District_29,Gujarat,38.364217510045016,44.253943809425984,95.3191579551964,4,5,5
356,Gujarat_District_30,Gujarat,33.28694636963611,38.58619247647731,95.98639911981772,4,6,5
357,Gujarat_District_31,Gujarat,33.74977868654741,62.62953432898166,70.21898219886351,0,6,10
358,Gujarat_District_32,Gujarat,16.657281329365603,23.98535550890263,81.33415036336308,1,2,8
359,Gujarat_District_33,Gujarat,24.59436664901577,52.920953185244635,97.12862840333716,4,6,9
360,Andhra Pradesh_District_1,Andhra Pradesh,29.277248339293983,68.79381607205474,85.30322471515531,2,2,7
361,Andhra Pradesh_District_2,Andhra Pradesh,1.2858264161442712,27.176234825121508,73.62456334477228,4,4,9
362,Andhra Pradesh_District_3,Andhra Pradesh,7.202372383441822,53.38814194451957,65.25132312031992,2,3,8
363,Andhra Pradesh_District_4,Andhra Pradesh,9.838251100983374,67.41023713154567,61.849965943685554,0,5,7
364,Andhra Pradesh_District_5,Andhra Pradesh,5.2993271794121055,32.48596957046426,97.03552060363648,0,6,5
365,Andhra Pradesh_District_6,Andhra Pradesh,24.78615544971616,26.787196210721863,62.74605007298616,0,5,10
366,Andhra Pradesh_District_7,Andhra Pradesh,39.3021520774426,68.47307289941689,73.41533785278894,0,7,8
367,Andhra Pradesh_District_8,Andhra Pradesh,39.67771914094955,43.194659222056416,76.24296749408461,1,7,10
368,Andhra Pradesh_District_9,Andhra Pradesh,12.362828665211456,52.71771877191698,77.22614896607972,1,3,9
369,Andhra Pradesh_District_10,Andhra Pradesh,13.343969650929095,21.238091461662457,63.635423716420256,0,6,7
370,Andhra Pradesh_District_11,Andhra Pradesh,15.685574466664235,34.179963051808016,91.34143667462754,2,6,7
371,Andhra Pradesh_District_12,Andhra Pradesh,14.69662628560361,50.37282123276116,93.14889301573837,0,5,5
372,Andhra Pradesh_District_13,Andhra Pradesh,7.261742103372106,49.3014136463306,64.48758804926206,3,6,11
373,Andhra Pradesh_District_14,Andhra Pradesh,16.605907942505773,58.13305992371867,67.9600123935161,4,2,5
374,Andhra Pradesh_District_15,Andhra Pradesh,32.26930835385479,61.6111530698472,96.47792160490923,1,2,10
375,Andhra Pradesh_District_16,Andhra Pradesh,14.66690319387947,58.74876972336272,86.19146961561322,2,2,8
376,Andhra Pradesh_District_17,Andhra Pradesh,32.202293322556855,58.661016021809466,72.1122421534352,0,6,10
377,Andhra Pradesh_District_18,Andhra Pradesh,35.62302281514703,24.854965489012443,77.80484713995291,1,3,11
378,Andhra Pradesh_District_19,Andhra Pradesh,21.65868873135855,27.435904145402876,66.22942311940218,1,6,7
379,Andhra Pradesh_District_20,Andhra Pradesh,31.030468342057624,28.502330445758727,78.67812321045179,2,4,10
380,Andhra Pradesh_District_21,Andhra Pradesh,36.939177349487615,38.19080829363561,62.673498692644614,3,5,8
381,Andhra Pradesh_District_22,Andhra Pradesh,9.734106799056704,44.48639832887335,72.61086862102027,2,3,7
382,Andhra Pradesh_District_23,Andhra Pradesh,1.2596615101531983,67.95449653067922,77.26197764294474,4,5,11
383,Andhra Pradesh_District_24,Andhra Pradesh,39.93317933652327,24.847261000529556,89.71932540408638,2,6,8
384,Andhra Pradesh_District_25,Andhra Pradesh,31.982821297048304,59.11926581017052,73.38396433469252,3,5,9
385,Andhra Pradesh_District_26,Andhra Pradesh,39.183289739023934,48.68479592056098,82.65253026198369,4,3,10
386,Odisha_District_1,Odisha,39.77022649936552,37.62875866052464,66.11131883846488,2,2,6
387,Odisha_District_2,Odisha,37.233712448948026,23.931085743219555,63.536255106003374,1,2,10
388,Odisha_District_3,Odisha,19.426793071443853,45.03814833521683,87.96852665297376,2,7,11
389,Odisha_District_4,Odisha,1.8737949226723716,43.65525290651713,84.90200552158329,3,4,11
390,Odisha_District_5,Odisha,25.750893170747815,36.12971798324946,88.39007942011122,4,4,9
391,Odisha_District_6,Odisha,2.098937163254635,46.09809786267911,68.49185428963386,0,4,5
392,Odisha_District_7,Odisha,17.363046592839765,54.96469748459837,94.65928399192573,1,5,10
393,Odisha_District_8,Odisha,10.492443135962937,30.58302896781349,70.19957158965713,1,2,11
394,Odisha_District_9,Odisha,38.01106323805743,65.09947824351772,82.50777065439844,0,2,5
395,Odisha_District_10,Odisha,6.5560975118070575,27.939901494508344,60.8591395271387,0,6,7
396,Odisha_District_11,Odisha,39.805312109245996,50.06244780894794,93.89215050537493,4,6,7
397,Odisha_District_12,Odisha,31.539821201215936,33.091682561440194,77.9316704941515,1,7,9
398,Odisha_District_13,Odisha,20.761590951635945,34.0904720632928,61.30580653052672,2,3,11
399,Odisha_District_14,Odisha,27.76580099465661,58.48472010606464,76.78493374059919,3,2,5
400,Odisha_District_15,Odisha,17.155166814046314,36.4558264384936,94.89831840988256,0,7,9
401,Odisha_District_16,Odisha,25.053787282971186,44.34435230558468,87.4247612419753,3,3,8
402,Odisha_District_17,Odisha,2.3967997418651033,46.704220338747,62.82642708958696,1,3,11
403,Odisha_District_18,Odisha,23.038099365411192,58.63899243448999,64.26990489491023,1,2,10
404,Odisha_District_19,Odisha,35.02092982284186,53.816788265577216,70.0968235498979,4,4,5
405,Odisha_District_20,Odisha,18.098649837384933,50.61349448278711,90.33680343030065,3,7,5
406,Odisha_District_21,Odisha,24.374919736649513,25.10007881027002,63.92866426996972,3,4,11
407,Odisha_District_22,Odisha,14.280564079834072,66.28072312589562,85.01944505787935,1,7,7
408,Odisha_District_23,Odisha,3.0000565611548557,32.48809474604324,62.931228908601184,3,5,9
409,Odisha_District_24,Odisha,37.97280773525277,20.540613513197606,68.9248757082443,2,7,8
410,Odisha_District_25,Odisha,35.31606725998734,28.03226561552818,85.85394535957144,0,2,10
411,Odisha_District_26,Odisha,34.935356202795724,44.99916201259975,82.70393714826685,0,2,11
412,Odisha_District_27,Odisha,34.55652025496957,45.36271664661622,77.37502636047907,3,4,5
413,Odisha_District_28,Odisha,2.3450767054564414,53.31527732956523,87.69545396783518,0,5,9
414,Odisha_District_29,Odisha,18.13074042013795,32.610678719685765,74.3018032114272,1,2,10
415,Odisha_District_30,Odisha,3.26907240230228,29.742572796150423,76.46190306894984,4,3,7
416,Telangana_District_1,Telangana,36.46115044471871,62.650589636451016,67.60160013306665,0,7,8
417,Telangana_District_2,Telangana,15.321271038888282,34.83946827972762,93.38719134110384,4,4,6
418,Telangana_District_3,Telangana,14.591078791810963,46.66325209991428,66.21736944539576,0,4,6
419,Telangana_District_4,Telangana,18.515905113820214,33.420512906676535,77.92122688761322,0,3,5
420,Telangana_District_5,Telangana,7.107603378200684,22.18131926690441,92.51303618226257,4,6,11
421,Telangana_District_6,Telangana,2.5523188362032334,66.28533243677703,62.35336311091798,0,7,10
422,Telangana_District_7,Telangana,25.13252156673898,55.01198227478369,68.55809413417063,0,4,6
423,Telangana_District_8,Telangana,14.857931884842444,66.48973957945823,89.19302654765798,4,3,6
424,Telangana_District_9,Telangana,4.716050170955439,32.126257882233475,96.77640745703324,2,4,10
425,Telangana_District_10,Telangana,2.864910483698786,63.006505283019834,92.13907468269805,3,6,6
426,Telangana_District_11,Telangana,35.878199281365816,63.77944760906141,67.86180305964561,3,5,9
427,Telangana_District_12,Telangana,4.971778721669575,53.950652129177,67.28603838433615,0,4,10
428,Telangana_District_13,Telangana,23.148400988949398,32.82318766917428,97.31325189184233,0,4,9
429,Telangana_District_14,Telangana,7.96737530366415,50.74692712252374,62.95895188355505,0,5,11
430,Telangana_District_15,Telangana,8.579070073173982,32.552446201789834,84.40840245761619,4,3,8
431,Telangana_District_16,Telangana,2.2003043094881836,25.47832503120725,69.68591577020108,1,7,7
432,Telangana_District_17,Telangana,20.41947749980031,44.0314427924457,98.99143537670982,2,4,6
433,Telangana_District_18,Telangana,14.873004207570887,36.92663287786026,82.32775573560922,4,4,7
434,Telangana_District_19,Telangana,26.48388026750012,28.241374093457324,87.01479001244223,3,2,8
435,Telangana_District_20,Telangana,9.501411152656448,36.99008810578708,77.64393602517234,2,2,5
436,Telangana_District_21,Telangana,35.82998195837118,37.097427562727034,74.19267619888772,0,7,6
437,Telangana_District_22,Telangana,4.14063861738482,48.45541948224441,91.67128215570088,1,6,8
438,Telangana_District_23,Telangana,20.065994528586227,28.154465858548072,87.61069531335626,1,7,9
439,Telangana_District_24,Telangana,14.973583084250045,47.998661402200526,99.88892636173064,3,6,11
440,Telangana_District_25,Telangana,37.19582171076867,36.44077086515199,77.65770716916916,3,6,6
441,Telangana_District_26,Telangana,32.4904446585603,54.78020111561642,81.73412162815714,1,7,7
442,Telangana_District_27,Telangana,37.017340164211184,49.144409257890324,79.49811839933614,4,7,5
443,Telangana_District_28,Telangana,12.622710392290886,34.8311722251674,68.56684858354873,2,6,7
444,Telangana_District_29,Telangana,38.258163533889174,37.8014016798151,80.05567136020622,4,3,7
445,Telangana_District_30,Telangana,10.106409434955834,22.14267708348079,74.1203686450892,2,3,6
446,Telangana_District_31,Telangana,26.097953071756965,62.572882673181226,95.7236980448136,2,7,5
447,Telangana_District_32,Telangana,29.66009316985225,39.90648111789909,74.61031319527389,3,4,7
448,Telangana_District_33,Telangana,1.2641570659794255,57.04758380626802,61.400431873342995,1,5,11
449,Kerala_District_1,Kerala,10.696424955673658,21.3519482004997,79.68183971581183,0,4,11
450,Kerala_District_2,Kerala,26.53544891087599,23.556509481249716,94.49768108158366,1,7,9
451,Kerala_District_3,Kerala,5.7375097215421755,49.766784332398394,91.86939852583635,0,6,8
452,Kerala_District_4,Kerala,27.499887200329578,60.35612117523858,86.17493156570907,2,5,7
453,Kerala_District_5,Kerala,10.945686470579457,44.72346317875542,62.384370092722115,1,5,8
454,Kerala_District_6,Kerala,21.533968158607927,54.876021460534666,77.01518283070426,3,3,10
455,Kerala_District_7,Kerala,5.897459329682273,48.722842421153615,75.20915013115031,4,6,6
456,Kerala_District_8,Kerala,18.96092328531997,35.17083119073189,77.28408812625077,1,4,5
457,Kerala_District_9,Kerala,2.4882806996016082,24.454281143030098,75.84444837454943,2,2,7
458,Kerala_District_10,Kerala,17.636275227545156,59.68514278088332,94.54758148947248,2,5,7
459,Kerala_District_11,Kerala,24.20551488125509,63.0431908877253,84.50976293815786,3,7,11
460,Kerala_District_12,Kerala,30.30603369905705,21.128809762886252,98.58463709329533,1,7,10
461,Kerala_District_13,Kerala,22.704154176535205,34.645733246829685,90.39089663047811,1,4,7
462,Kerala_District_14,Kerala,32.0279019200166,55.14478926169951,92.75330175889799,0,4,5
463,Jharkhand_District_1,Jharkhand,31.375686093549486,48.00840532455685,70.88079563593186,4,3,10
464,Jharkhand_District_2,Jharkhand,10.198913818679562,31.983270841954585,77.43750217689104,4,6,9
465,Jharkhand_District_3,Jharkhand,28.424045575202378,45.62180730635683,91.12321808855194,3,7,5
466,Jharkhand_District_4,Jharkhand,30.629691250470287,47.82988303524585,73.42435373731635,3,7,11
467,Jharkhand_District_5,Jharkhand,32.456199473480666,30.034725679106387,71.47236596919234,2,2,9
468,Jharkhand_District_6,Jharkhand,10.421805857548323,68.92281989632744,98.40284753766974,0,4,7
469,Jharkhand_District_7,Jharkhand,16.688807609622494,29.813600046763227,62.84074509098018,3,5,9
470,Jharkhand_District_8,Jharkhand,33.79033996735111,44.11089023013305,76.4169351084355,4,3,5
471,Jharkhand_District_9,Jharkhand,11.30061349999513,48.9264296139828,81.51184334709475,3,6,7
472,Jharkhand_District_10,Jharkhand,20.47010622008053,66.70313813153133,93.7621776364879,4,6,8
473,Jharkhand_District_11,Jharkhand,26.33688575647184,51.94389083394951,79.01010303959801,0,2,5
474,Jharkhand_District_12,Jharkhand,20.25252771506623,66.56086375583064,93.85949281898814,3,2,11
475,Jharkhand_District_13,Jharkhand,39.39990370950057,41.79340450254084,96.88792967453827,0,2,9
476,Jharkhand_District_14,Jharkhand,16.838434891765438,20.621121100420734,82.30198392307891,1,2,11
477,Jharkhand_District_15,Jharkhand,22.136786804421874,43.58040219544341,68.31311369159934,1,5,8
478,Jharkhand_District_16,Jharkhand,17.985341915344286,53.562510249002244,71.2021346631538,0,6,11
479,Jharkhand_District_17,Jharkhand,14.676611664195809,21.87190024888776,80.99814540184126,1,5,7
480,Jharkhand_District_18,Jharkhand,17.96107212283045,52.142973880637285,66.05864396038973,1,5,9
481,Jharkhand_District_19,Jharkhand,14.546127762207867,24.19061202859914,73.99951285863919,4,6,9
482,Jharkhand_District_20,Jharkhand,29.536989482309856,65.88329889355529,85.4752805814131,2,3,8
483,Jharkhand_District_21,Jharkhand,29.826650277963637,68.29043734202845,68.8456636464864,4,6,5
484,Jharkhand_District_22,Jharkhand,31.322641857784053,58.885892823018615,80.29348705714305,3,7,5
485,Jharkhand_District_23,Jharkhand,12.08112508561399,36.22817036694923,80.49605565861121,4,7,5
486,Jharkhand_District_24,Jharkhand,31.5635058656905,30.95680437561343,76.48247958452727,1,4,7
487,Assam_District_1,Assam,27.653204930212326,45.751541644948446,89.87173810563,3,4,7
488,Assam_District_2,Assam,30.825826077415208,44.79653024834127,89.11483462267789,2,7,9
489,Assam_District_3,Assam,32.87593404640383,62.16532942403123,79.0021220866165,0,2,9
490,Assam_District_4,Assam,38.33286819237955,31.621414430038296,79.74975949431615,0,7,9
491,Assam_District_5,Assam,39.47481080768069,61.55975029269351,62.85604901425557,3,2,6
492,Assam_District_6,Assam,17.50682813746173,21.400538190115093,95.9228988401836,0,7,7
493,Assam_District_7,Assam,3.2462644383035855,47.32237882487158,96.64044148948742,1,3,10
494,Assam_District_8,Assam,9.018954763170655,65.05988653125038,79.12978405396262,4,6,8
495,Assam_District_9,Assam,26.220595489371455,65.08122623194397,93.38568281015063,1,5,11
496,Assam_District_10,Assam,27.360551403574394,62.06158448324753,70.95929166457766,3,2,9
497,Assam_District_11,Assam,37.308933799669184,61.005269863014576,99.72854771324974,3,3,7
498,Assam_District_12,Assam,11.432088544459965,41.322726608841826,84.82317049784331,1,4,11
499,Assam_District_13,Assam,31.931969661099444,52.45837433318725,99.96881330693066,2,3,8
500,Assam_District_14,Assam,21.27895376893763,46.94001427881914,70.2845439067594,4,4,5
501,Assam_District_15,Assam,1.0606508979713825,66.79768720295533,88.36423380989523,3,5,6
502,Assam_District_16,Assam,19.74446174452025,62.003303794502514,70.04802857312524,0,7,5
503,Assam_District_17,Assam,11.167278211242424,25.39581071839352,95.14200791445751,3,4,7
504,Assam_District_18,Assam,20.184301140852227,33.323905947936645,86.91878126620423,1,5,9
505,Assam_District_19,Assam,31.845406690132677,34.55781665584343,72.23023501048385,2,3,9
506,Assam_District_20,Assam,37.28099353675964,68.3973085761198,91.9739669614513,3,7,7
507,Assam_District_21,Assam,10.461375868872222,69.76660204693962,64.08561508910395,2,7,8
508,Assam_District_22,Assam,36.55092286409669,43.96911952050483,77.64115275118468,1,7,5
509,Assam_District_23,Assam,19.666496596378323,66.8258861702719,73.35040679763159,0,4,9
510,Assam_District_24,Assam,4.371901768763746,36.10128428126946,80.29019737916897,2,7,8
511,Assam_District_25,Assam,31.849398386780877,55.34869776508485,88.46871062061709,4,4,11
512,Assam_District_26,Assam,11.006326799874513,43.97895442435161,84.40314004131855,1,7,7
513,Assam_District_27,Assam,33.51655022898744,65.93725325187046,91.6639113493415,2,5,9
514,Assam_District_28,Assam,35.82018078763679,23.494408000953204,77.57959060552241,4,7,8
515,Assam_District_29,Assam,36.14012486853674,57.20538064740568,86.52542892589122,2,6,7
516,Assam_District_30,Assam,33.495738420502015,39.12586545515427,75.99418801415246,1,4,7
517,Assam_District_31,Assam,19.04230872173723,68.14075506010388,97.99337573977485,3,7,10
518,Assam_District_32,Assam,1.6237964154795925,63.92658276172935,98.10978542153717,4,2,5
519,Assam_District_33,Assam,2.435068003020069,22.71030782805179,62.06130002202134,0,5,8
520,Assam_District_34,Assam,16.08318289667418,57.13453178653267,65.90233505346671,3,7,5
521,Punjab_District_1,Punjab,36.15238638268382,23.15285791068417,87.98493520803898,1,5,10
522,Punjab_District_2,Punjab,33.4730767500899,52.859929599668305,96.1487874369054,3,2,10
523,Punjab_District_3,Punjab,3.990653122851713,51.84701708997741,84.3747842075615,0,6,6
524,Punjab_District_4,Punjab,37.946246375676196,23.667228956061773,98.233784750143,1,5,10
525,Punjab_District_5,Punjab,16.31691023705866,26.367559744649782,86.33777131436865,0,7,7
526,Punjab_District_6,Punjab,18.53734593332009,33.70610814251978,76.50419867924197,4,2,11
527,Punjab_District_7,Punjab,5.137729141685781,34.843640976949324,87.12571380471917,4,5,8
528,Punjab_District_8,Punjab,7.046579391860233,46.32525598701904,82.28838894578463,2,2,9
529,Punjab_District_9,Punjab,25.73283279256377,60.686514742583356,94.68323064944178,4,3,8
530,Punjab_District_10,Punjab,2.0545738924535195,65.19126342287433,64.2158015512307,0,4,9
531,Punjab_District_11,Punjab,23.301440097529458,55.66618214025359,92.69723318878246,3,5,8
532,Punjab_District_12,Punjab,38.632369853164064,58.624730435395534,95.49905995468987,4,4,6
533,Punjab_District_13,Punjab,14.637437035110214,49.52751331066287,95.97948156094465,2,7,6
534,Punjab_District_14,Punjab,29.914723877991108,28.303345763178527,79.84065177581355,2,7,8
535,Punjab_District_15,Punjab,33.21867488949279,45.45061022868129,89.98711582077013,3,4,6
536,Punjab_District_16,Punjab,10.084327418864758,50.36014247456708,81.29255759350558,2,5,8
537,Punjab_District_17,Punjab,10.726803521351624,40.886204606251766,74.09667351489375,4,6,5
538,Punjab_District_18,Punjab,21.776777039109728,22.34171564099427,62.32913363474665,0,6,6
539,Punjab_District_19,Punjab,31.19229680085219,28.113872609021954,95.30702981729075,2,7,11
540,Punjab_District_20,Punjab,15.903615766327203,56.21564244543196,93.3898853073399,3,2,8
541,Punjab_District_21,Punjab,13.934252708468362,22.24220412227617,67.77644461769708,3,2,11
542,Punjab_District_22,Punjab,24.025051503241382,33.678269769758465,87.64867706375065,1,2,7
543,Punjab_District_23,Punjab,23.539334943373408,31.559809810398576,67.68993172675572,4,7,5
544,Chhattisgarh_District_1,Chhattisgarh,3.6419785953473305,37.13534751630084,61.35014770375564,1,6,11
545,Chhattisgarh_District_2,Chhattisgarh,27.1592099437782,43.99329858935496,93.96096740169247,0,4,8
546,Chhattisgarh_District_3,Chhattisgarh,18.081213603857428,60.43211571473358,78.99025254174275,2,3,11
547,Chhattisgarh_District_4,Chhattisgarh,39.90153331171803,68.34757050989154,87.45610666319527,1,2,8
548,Chhattisgarh_District_5,Chhattisgarh,16.302644935624574,40.64532764435901,85.51906886906143,4,5,7
549,Chhattisgarh_District_6,Chhattisgarh,11.27169085017301,35.82354868944144,79.15251564010359,0,5,11
550,Chhattisgarh_District_7,Chhattisgarh,30.983494243669764,35.60444187011664,79.78316838123334,2,3,6
551,Chhattisgarh_District_8,Chhattisgarh,24.512917987814316,37.02435585733196,80.12823222996057,0,5,6
552,Chhattisgarh_District_9,Chhattisgarh,10.107995568005364,38.46077145156919,63.270147940705684,0,4,6
553,Chhattisgarh_District_10,Chhattisgarh,31.8250073317089,69.06896120265608,95.956919719626,4,6,11
554,Chhattisgarh_District_11,Chhattisgarh,8.668608280507787,26.526878304798245,68.2458990607479,2,6,6
555,Chhattisgarh_District_12,Chhattisgarh,10.489485761746957,55.66798667498711,87.47148547189998,0,5,8
556,Chhattisgarh_District_13,Chhattisgarh,12.539969523551346,56.51794610244481,95.40573261701604,1,7,9
557,Chhattisgarh_District_14,Chhattisgarh,30.356448947688975,30.489457610205207,69.96657860874981,1,4,5
558,Chhattisgarh_District_15,Chhattisgarh,23.69575112250302,21.229590114795204,78.99101377705358,4,3,6
559,Chhattisgarh_District_16,Chhattisgarh,10.94943152536163,32.50679379580737,87.64254393237435,0,4,10
560,Chhattisgarh_District_17,Chhattisgarh,5.125516658418925,33.30078879101033,99.35290123372874,3,3,5
561,Chhattisgarh_District_18,Chhattisgarh,12.525767913859106,30.20194638693207,99.53420349145547,3,2,7
562,Chhattisgarh_District_19,Chhattisgarh,19.75775121945876,56.24901024776144,97.58364157652815,4,4,8
563,Chhattisgarh_District_20,Chhattisgarh,33.692986941541974,65.7532627287647,88.41599650947926,4,6,11
564,Chhattisgarh_District_21,Chhattisgarh,35.06837316501294,28.699884159484476,67.51736016388976,4,7,6
565,Chhattisgarh_District_22,Chhattisgarh,21.946064785239283,55.307019867177274,80.03557815233906,3,4,6
566,Chhattisgarh_District_23,Chhattisgarh,8.118793380814937,51.906633235650986,86.00871732754331,0,4,5
567,Chhattisgarh_District_24,Chhattisgarh,30.090399554742973,24.79828304002207,90.92058737797039,3,5,6
568,Chhattisgarh_District_25,Chhattisgarh,38.29877169592258,51.888581105800185,86.81502223110128,1,4,8
569,Chhattisgarh_District_26,Chhattisgarh,24.015543232336206,47.456365943672246,90.80578269216127,3,5,7
570,Chhattisgarh_District_27,Chhattisgarh,4.705096840818843,27.612418481312826,96.42270301116238,1,7,11
571,Chhattisgarh_District_28,Chhattisgarh,34.6868042987239,32.703405438277564,65.97425829102384,1,3,11
572,Haryana_District_1,Haryana,22.32382375373353,28.813055863036745,94.86284006090733,3,5,5
573,Haryana_District_2,Haryana,25.16739408909948,21.906943314114883,70.97219361987855,2,3,7
574,Haryana_District_3,Haryana,29.07451714847069,57.145481292818474,80.10780425486132,0,7,10
575,Haryana_District_4,Haryana,18.650192556655163,22.2440301146899,72.04279038503063,1,7,7
576,Haryana_District_5,Haryana,11.355054830243208,29.686744947354963,90.73049923202693,1,6,8
577,Haryana_District_6,Haryana,10.353054982382996,42.06228527228325,96.40359834599363,0,7,8
578,Haryana_District_7,Haryana,0.9664287115558912,39.98482554858856,61.33797416107171,4,6,7
579,Haryana_District_8,Haryana,4.417747739248874,45.23936768552897,73.5503088462428,3,4,6
580,Haryana_District_9,Haryana,28.37884633200252,65.08339798105317,76.15045455086327,4,6,7
581,Haryana_District_10,Haryana,18.496258993248894,40.267613472791645,97.40069552045043,3,5,10
582,Haryana_District_11,Haryana,33.19053232274647,37.390955956643,92.03057699184313,3,4,5
583,Haryana_District_12,Haryana,31.554352858857424,68.9827675535017,60.10378184461039,0,6,7
584,Haryana_District_13,Haryana,8.149793944193338,62.56188650513824,90.3142984891093,0,7,7
585,Haryana_District_14,Haryana,21.927800322977888,23.235831913128795,61.26653329247775,1,2,6
586,Haryana_District_15,Haryana,19.04564125606995,31.108205279530786,84.67553162442094,1,7,7
587,Haryana_District_16,Haryana,23.24673250774929,50.257909315897265,82.5923026687923,4,7,7
588,Haryana_District_17,Haryana,39.714423658377996,30.403005371738516,83.71793776656241,4,7,6
589,Haryana_District_18,Haryana,2.4897289735451444,62.59883570449205,92.33230610920137,4,6,5
590,Haryana_District_19,Haryana,14.074389573724574,61.50632665546539,69.15552903796147,2,4,10
591,Haryana_District_20,Haryana,2.1010546857553836,33.18969201045993,76.15310576686751,4,2,6
592,Haryana_District_21,Haryana,38.780301459892314,44.116773157270345,61.820121829562794,2,7,8
593,Haryana_District_22,Haryana,18.481761407593552,40.322207777388684,73.30765106759422,2,5,9
594,Jammu and Kashmir_District_1,Jammu and Kashmir,26.106958389515505,69.45176323970249,63.20526865147508,1,7,9
595,Jammu and Kashmir_District_2,Jammu and Kashmir,36.11138177112225,61.86492334868224,72.98138214988344,4,4,10
596,Jammu and Kashmir_District_3,Jammu and Kashmir,39.59009761055075,50.06645266052609,67.4003255722737,3,7,11
597,Jammu and Kashmir_District_4,Jammu and Kashmir,3.0860053403871657,47.076207889455084,68.19865967189455,0,2,9
598,Jammu and Kashmir_District_5,Jammu and Kashmir,38.130595738608044,36.92214121866533,63.402439611189045,1,5,6
599,Jammu and Kashmir_District_6,Jammu and Kashmir,12.147387145967468,33.79254695817548,63.183672988673074,1,4,10
600,Jammu and Kashmir_District_7,Jammu and Kashmir,27.839420396859722,20.864951850571487,79.59510402214315,1,2,7
601,Jammu and Kashmir_District_8,Jammu and Kashmir,35.9575919407447,53.132193512045404,99.8650546373816,3,2,8
602,Jammu and Kashmir_District_9,Jammu and Kashmir,4.322892819326127,55.220143702298394,72.23620360453661,4,6,9
603,Jammu and Kashmir_District_10,Jammu and Kashmir,3.207419220469938,45.15246916135161,94.50612225167636,1,2,11
604,Jammu and Kashmir_District_11,Jammu and Kashmir,33.68158848534438,42.8751320606269,82.60213251496539,1,4,6
605,Jammu and Kashmir_District_12,Jammu and Kashmir,11.939993805761686,56.275826776652956,96.92938580238788,1,3,8
606,Jammu and Kashmir_District_13,Jammu and Kashmir,19.855525263554853,68.74530198473141,72.04150008200583,4,6,11
607,Jammu and Kashmir_District_14,Jammu and Kashmir,12.653709359695346,32.99301720722053,99.56739941910737,1,7,5
608,Jammu and Kashmir_District_15,Jammu and Kashmir,30.976908090453236,53.793641092443266,76.44958888148945,1,5,5
609,Jammu and Kashmir_District_16,Jammu and Kashmir,23.456327826898047,60.60694915261285,86.98672910045727,4,2,11
610,Jammu and Kashmir_District_17,Jammu and Kashmir,7.538973243607137,48.51350465236962,63.549127219988705,1,4,5
611,Jammu and Kashmir_District_18,Jammu and Kashmir,5.4281946627652555,32.204595158847255,83.49191691493976,3,3,10
612,Jammu and Kashmir_District_19,Jammu and Kashmir,4.361353336815816,20.62707225571846,80.19205527726605,2,6,9
613,Jammu and Kashmir_District_20,Jammu and Kashmir,2.497060994355045,31.13156791553743,99.32778404607915,0,2,11
614,Jammu and Kashmir_District_21,Jammu and Kashmir,11.949198759443384,69.54289170258835,89.337939554743,0,7,6
615,Jammu and Kashmir_District_22,Jammu and Kashmir,2.662062445189246,54.443723243148156,92.4628559391571,2,3,7
616,Uttarakhand_District_1,Uttarakhand,22.031743684949753,59.88530592149529,64.60614396823044,0,4,8
617,Uttarakhand_District_2,Uttarakhand,36.083140924875096,43.28494082202667,82.7884259627186,4,2,9
618,Uttarakhand_District_3,Uttarakhand,24.403315585274093,30.24875630743267,91.22907911065523,0,4,9
619,Uttarakhand_District_4,Uttarakhand,33.83880469483815,35.47506612395247,64.38720818436792,2,3,6
620,Uttarakhand_District_5,Uttarakhand,13.875902153974673,58.57634155168045,61.35134851619049,4,4,6
621,Uttarakhand_District_6,Uttarakhand,32.486019045530284,30.866759583699256,75.67320046878555,4,3,11
622,Uttarakhand_District_7,Uttarakhand,24.690070948695325,21.522595565146258,65.72832374631466,3,6,7
623,Uttarakhand_District_8,Uttarakhand,7.255988780417786,38.72273551348005,92.03158100318255,1,4,11
624,Uttarakhand_District_9,Uttarakhand,18.50989052235462,51.0189520404954,65.72794970909298,2,4,10
625,Uttarakhand_District_10,Uttarakhand,24.06606848282194,35.43663612597204,68.9218329320791,4,5,9
626,Uttarakhand_District_11,Uttarakhand,33.41704785435164,63.62270554902313,84.00466265727562,1,7,9
627,Uttarakhand_District_12,Uttarakhand,30.631026285716597,44.58638213815196,61.79182912598867,2,4,10
628,Uttarakhand_District_13,Uttarakhand,27.77100211424986,55.3045735799534,77.23048238523994,3,2,8
629,Himachal Pradesh_District_1,Himachal Pradesh,19.854922755189143,36.619763336981606,73.79109239448721,3,3,5
630,Himachal Pradesh_District_2,Himachal Pradesh,29.251006863975384,35.045347510009684,86.37859420647787,4,6,9
631,Himachal Pradesh_District_3,Himachal Pradesh,29.877268741593678,32.50607120081477,82.98055866791188,3,3,5
632,Himachal Pradesh_District_4,Himachal Pradesh,37.87661177821453,62.50168152032231,83.20272783965258,2,5,6
633,Himachal Pradesh_District_5,Himachal Pradesh,20.787915498268905,29.48578708362016,74.62172906257857,4,6,11
634,Himachal Pradesh_District_6,Himachal Pradesh,6.034435070850028,61.32814355063543,63.06016904446895,0,4,5
635,Himachal Pradesh_District_7,Himachal Pradesh,17.176503879500583,27.105443786149408,78.1891775338716,0,5,11
636,Himachal Pradesh_District_8,Himachal Pradesh,3.187418451302255,38.94174367223466,67.86504831661692,2,5,9
637,Himachal Pradesh_District_9,Himachal Pradesh,27.41160779328664,29.703081764151428,77.88814745167014,3,2,7
638,Himachal Pradesh_District_10,Himachal Pradesh,6.7834862228137105,52.53205638265027,69.14632169558637,1,6,5
639,Himachal Pradesh_District_11,Himachal Pradesh,23.679578184460794,38.54651194466484,97.7988880085062,0,2,6
640,Himachal Pradesh_District_12,Himachal Pradesh,16.771095607887744,39.08014618927133,82.85425268150155,0,7,10
641,Tripura_District_1,Tripura,29.729200659450036,29.909066118570223,77.12168869788223,2,4,6
642,Tripura_District_2,Tripura,13.611656481161795,47.25956722004299,80.44899440640356,1,5,5
643,Tripura_District_3,Tripura,19.107818583023167,51.796231709470646,86.34928950066555,1,2,5
644,Tripura_District_4,Tripura,10.60497406848068,55.89800728163336,95.3460888293975,2,4,8
645,Tripura_District_5,Tripura,9.91499564050999,58.99302907386231,63.50502583034656,1,3,6
646,Tripura_District_6,Tripura,32.01698126447557,27.11117480598388,88.61064733267307,4,4,5
647,Tripura_District_7,Tripura,11.347742250414502,60.64327654802622,72.31023938202878,3,5,10
648,Tripura_District_8,Tripura,22.022242918356454,45.87745243435238,75.97319331300035,4,5,7
649,Meghalaya_District_1,Meghalaya,7.163288683734841,54.204885097938195,65.13329322255336,2,7,6
650,Meghalaya_District_2,Meghalaya,2.0373956892800704,47.940102960821804,64.20181084197564,4,2,10
651,Meghalaya_District_3,Meghalaya,19.855920993591504,53.80957849815475,64.00729809588702,1,3,10
652,Meghalaya_District_4,Meghalaya,25.636993788611427,64.24819715733067,63.82113527464499,3,7,11
653,Meghalaya_District_5,Meghalaya,19.802046742417904,53.790574422960034,64.97164457794244,2,7,9
654,Meghalaya_District_6,Meghalaya,28.503824380459093,49.53261776453297,89.11546534515061,3,3,7
655,Meghalaya_District_7,Meghalaya,36.58936767648134,46.79983614946391,75.2082979110802,0,4,9
656,Meghalaya_District_8,Meghalaya,17.25801805755495,48.25985707928112,77.97232410653994,3,6,5
657,Meghalaya_District_9,Meghalaya,37.556714440020315,23.01886840488067,95.35550134266975,1,6,7
658,Meghalaya_District_10,Meghalaya,18.991122021937194,66.85540356971353,75.18683033356007,0,2,8
659,Meghalaya_District_11,Meghalaya,2.46119866888844,49.98865489689902,74.94299506089062,4,4,11
660,Manipur_District_1,Manipur,16.65056765070394,57.11014597293954,65.04941034771429,2,2,8
661,Manipur_District_2,Manipur,21.68617805752836,22.792167586772827,88.05226622110706,4,2,5
662,Manipur_District_3,Manipur,13.977002384182825,45.84741113613427,95.57162009567473,0,4,11
663,Manipur_District_4,Manipur,17.248429318195207,58.812415426185275,66.46250847890329,2,2,6
664,Manipur_District_5,Manipur,0.32833445208227285,58.31962910502739,64.57936374946765,3,4,5
665,Manipur_District_6,Manipur,1.974026460338516,47.763444231724826,89.71000145339104,0,6,10
666,Manipur_District_7,Manipur,18.87643140883606,23.581336291143238,63.80160002567229,1,6,8
667,Manipur_District_8,Manipur,39.35376254992417,56.86597421281182,91.42733254296644,0,2,8
668,Manipur_District_9,Manipur,35.434158371176125,53.68343513629148,84.1765221776368,3,6,9
669,Manipur_District_10,Manipur,35.152996649205186,47.869101328796525,66.30635994172448,1,7,5
670,Manipur_District_11,Manipur,33.9370206567823,27.422883237543097,79.46479909403453,3,2,7
671,Manipur_District_12,Manipur,17.50426756857604,58.69298790907935,79.03768120739485,1,5,7
672,Manipur_District_13,Manipur,26.007285706968972,33.15424629989,78.66396146547247,3,7,11
673,Manipur_District_14,Manipur,28.281718956388204,64.47562490038888,62.20232759007728,2,4,5
674,Manipur_District_15,Manipur,7.7255891381835085,32.58738493722991,78.47540497941246,0,5,11
675,Manipur_District_16,Manipur,21.69012040802241,34.87621641750488,94.41731035097399,3,7,8
676,Nagaland_District_1,Nagaland,16.900097268527155,21.660098755536687,98.34886114464463,4,3,9
677,Nagaland_District_2,Nagaland,33.89743254858636,63.4494501245904,99.44117638712922,0,7,11
678,Nagaland_District_3,Nagaland,3.056004345844845,38.834821334317354,87.67302494860775,3,5,7
679,Nagaland_District_4,Nagaland,10.353796619730776,37.24676583592028,60.245449245487336,0,2,8
680,Nagaland_District_5,Nagaland,9.642227611757303,33.17497429630409,63.14057769969565,4,6,6
681,Nagaland_District_6,Nagaland,7.4954951223199995,44.13912629726762,80.60251920260156,4,6,7
682,Nagaland_District_7,Nagaland,12.48369585039546,46.00017050494561,64.96781174255834,2,7,11
683,Nagaland_District_8,Nagaland,22.12210871493255,21.57876594548575,84.24271789336198,1,3,11
684,Nagaland_District_9,Nagaland,15.884786148006409,23.443053044253848,79.77682756091029,0,3,5
685,Nagaland_District_10,Nagaland,16.77145738515264,21.436757233869262,61.45661810690174,0,6,8
686,Nagaland_District_11,Nagaland,37.7249591709462,35.168123268329765,85.294953681358,1,3,6
687,Nagaland_District_12,Nagaland,37.477290373947426,34.81411145450992,64.20230450959697,4,6,6
688,Goa_District_1,Goa,29.15753551144503,22.5820871588346,80.82526926896571,3,6,11
689,Goa_District_2,Goa,38.367143945068236,23.0834224200635,90.8535581353346,0,7,9
690,Arunachal Pradesh_District_1,Arunachal Pradesh,39.272338475755724,32.05509651329075,76.05357158671427,3,5,5
691,Arunachal Pradesh_District_2,Arunachal Pradesh,5.65494050721552,59.98995961385916,96.35079274955149,2,3,7
692,Arunachal Pradesh_District_3,Arunachal Pradesh,5.958356654883716,30.497679544524996,80.12113507779908,0,7,5
693,Arunachal Pradesh_District_4,Arunachal Pradesh,33.27907340134985,47.34821751521867,90.92018831612873,3,4,6
694,Arunachal Pradesh_District_5,Arunachal Pradesh,23.101669313827635,62.8309525058689,81.06307919745264,1,6,7
695,Arunachal Pradesh_District_6,Arunachal Pradesh,0.3519187054784956,21.78312574586635,67.32430584085097,1,7,7
696,Arunachal Pradesh_District_7,Arunachal Pradesh,38.08128609320808,68.1577264227904,90.22916097950517,0,5,11
697,Arunachal Pradesh_District_8,Arunachal Pradesh,16.10269321863494,57.824307966218754,82.94644674779045,4,7,11
698,Arunachal Pradesh_District_9,Arunachal Pradesh,2.1992573904751644,26.061632352638796,95.60813738767354,2,7,11
699,Arunachal Pradesh_District_10,Arunachal Pradesh,9.050278581842925,47.6270409763779,64.98403223497861,2,5,9
700,Arunachal Pradesh_District_11,Arunachal Pradesh,34.14047570545723,66.59889746327623,64.9998951522748,1,7,10
701,Arunachal Pradesh_District_12,Arunachal Pradesh,13.913980985579162,45.74914643965141,84.17046074659311,3,7,10
702,Arunachal Pradesh_District_13,Arunachal Pradesh,23.714012671501003,41.9381564556005,60.290772400976664,3,6,9
703,Arunachal Pradesh_District_14,Arunachal Pradesh,0.8188612775586002,40.81059106210914,94.15615229220973,3,3,5
704,Arunachal Pradesh_District_15,Arunachal Pradesh,1.7862973752954403,59.09075049360921,63.26162951323555,4,3,6
705,Arunachal Pradesh_District_16,Arunachal Pradesh,18.457358720806326,45.49593467727884,90.88304948076673,4,7,8
706,Arunachal Pradesh_District_17,Arunachal Pradesh,7.045382711276922,58.0042688224637,67.68880505415225,4,4,6
707,Arunachal Pradesh_District_18,Arunachal Pradesh,16.461313208933028,33.799172599317984,64.63807414973692,0,4,5
708,Arunachal Pradesh_District_19,Arunachal Pradesh,3.3860406242304864,55.00450623474296,90.9457810955339,4,7,10
709,Arunachal Pradesh_District_20,Arunachal Pradesh,11.033253802656734,55.894532352624765,67.63773198545564,4,7,10
710,Arunachal Pradesh_District_21,Arunachal Pradesh,33.81186072122362,66.70871885136381,65.87314989896828,0,2,6
711,Arunachal Pradesh_District_22,Arunachal Pradesh,15.819841785477147,23.551612999997573,68.50463871699395,2,2,6
712,Arunachal Pradesh_District_23,Arunachal Pradesh,26.23881620836581,20.14502615475614,76.23228799287634,1,3,10
713,Arunachal Pradesh_District_24,Arunachal Pradesh,18.19511206237829,62.033764495728185,74.21676769659813,2,4,9
714,Arunachal Pradesh_District_25,Arunachal Pradesh,21.128772272229803,37.45057575567287,88.42249109208223,4,7,7
715,Mizoram_District_1,Mizoram,17.458316606404317,34.747259626174376,89.53427873061602,3,6,8
716,Mizoram_District_2,Mizoram,3.7229866535696576,58.84367236135997,94.25414929107072,4,3,8
717,Mizoram_District_3,Mizoram,33.71465145639681,40.85014617066683,63.801424703290444,4,4,8
718,Mizoram_District_4,Mizoram,10.0216773099725,22.03273136719463,69.4083191625632,4,6,5
719,Mizoram_District_5,Mizoram,31.265566419405204,44.98212952066733,75.10161394557372,4,7,8
720,Mizoram_District_6,Mizoram,10.388089435787734,22.43680720777751,76.38200701633122,4,3,7
721,Mizoram_District_7,Mizoram,19.710025731533616,40.594421036749,93.50048224263185,2,5,11
722,Mizoram_District_8,Mizoram,25.15550835624342,58.62175571460389,94.24329501585287,4,4,9
723,Mizoram_District_9,Mizoram,18.3573689161129,66.45968528486239,94.29325573885842,2,5,9
724,Mizoram_District_10,Mizoram,10.854413145006522,41.18616150264082,61.0787558961039,0,4,9
725,Mizoram_District_11,Mizoram,22.884041760612142,27.95308581096522,69.27762143172365,2,2,9
726,Sikkim_District_1,Sikkim,6.132022333120015,51.23782893456755,83.82594293658094,3,4,9
727,Sikkim_District_2,Sikkim,18.667813253447328,68.19863367385844,90.31397324506325,4,2,11
728,Sikkim_District_3,Sikkim,1.9015647505334599,52.929761067878935,92.38586356578645,2,6,8
729,Sikkim_District_4,Sikkim,23.613691769714986,30.412844406774607,88.64798607134796,1,7,11
730,Sikkim_District_5,Sikkim,27.482150368073448,55.647692195351496,64.36413868858679,1,5,5
731,Sikkim_District_6,Sikkim,7.059815679496735,32.26349231760575,64.5766815018919,2,2,6
